gameId;gameName;status;gameSize;gameLength;lastTick;weatherLocation;weatherDate;logUrl;AgentUDE;Bunnie;COLDPower18;CrocodileAgent;EWIIS3;SPOT;VidyutVanika
1173;PowerTAC_2018_Finals_1;game_complete;7;1453;1452;cheyenne;28.06.14;http://ts.powertac.org/log/PowerTAC_2018_Finals_1.tar.gz;482399.5876;1509985.049;27402.61377;264231.0875;-1090863.618;-109702.2876;112155.3127
1174;PowerTAC_2018_Finals_2;game_complete;7;1464;1463;cheyenne;07.08.14;http://ts.powertac.org/log/PowerTAC_2018_Finals_2.tar.gz;271735.4002;-1384776.937;-25583.40376;552500.1079;-1762151.954;-85287.96651;891376.6213
1175;PowerTAC_2018_Finals_3;game_complete;7;1480;1479;cheyenne;20.05.14;http://ts.powertac.org/log/PowerTAC_2018_Finals_3.tar.gz;856820.7365;905751.5005;82641.72563;366208.5062;-824486.6952;-47622.37387;393012.5855
1176;PowerTAC_2018_Finals_4;game_complete;7;1440;1438;cheyenne;07.09.14;http://ts.powertac.org/log/PowerTAC_2018_Finals_4.tar.gz;225668.4988;-2547008.25;83506.09885;373340.1489;-601635.9302;-59395.46963;-177258.9085
1177;PowerTAC_2018_Finals_5;game_complete;7;1429;1428;cheyenne;09.11.13;http://ts.powertac.org/log/PowerTAC_2018_Finals_5.tar.gz;-124025.9336;-1255825.575;-27921.70818;283151.663;-567922.6762;35630.08754;223404.0915
1178;PowerTAC_2018_Finals_6;game_complete;7;1882;1881;cheyenne;25.12.13;http://ts.powertac.org/log/PowerTAC_2018_Finals_6.tar.gz;1142798.535;-2481701.391;-37247.51894;553966.8438;-876743.0957;-38152.42773;1082664.949
1179;PowerTAC_2018_Finals_7;game_complete;7;1440;1439;cheyenne;16.03.14;http://ts.powertac.org/log/PowerTAC_2018_Finals_7.tar.gz;562702.1021;-303730.5604;10203.1876;-90949.99709;-830987.1297;34103.75746;611134.5748
1180;PowerTAC_2018_Finals_8;game_complete;7;1425;1424;cheyenne;10.12.13;http://ts.powertac.org/log/PowerTAC_2018_Finals_8.tar.gz;536108.4264;-2423911.913;0;433779.6128;-6385.144129;-232327.4514;646750.2236
1181;PowerTAC_2018_Finals_9;game_complete;7;1413;1412;cheyenne;24.12.14;http://ts.powertac.org/log/PowerTAC_2018_Finals_9.tar.gz;-96942.26925;591499.4762;-63645.65045;564403.4164;-1750782.368;-264156.7473;1419654.961
1182;PowerTAC_2018_Finals_10;game_complete;7;1485;1484;cheyenne;17.09.14;http://ts.powertac.org/log/PowerTAC_2018_Finals_10.tar.gz;516380.9144;-1701078;6467.951835;347963.014;-238098.448;-22733.73505;211251.4562
1183;PowerTAC_2018_Finals_11;game_complete;7;1322;1320;cheyenne;06.11.13;http://ts.powertac.org/log/PowerTAC_2018_Finals_11.tar.gz;455310.3752;-1257836.895;-7586.687721;63886.08633;-172497.8503;-191874.5283;835330.5339
1184;PowerTAC_2018_Finals_12;game_complete;7;1338;1337;cheyenne;25.01.14;http://ts.powertac.org/log/PowerTAC_2018_Finals_12.tar.gz;187857.085;-1260432.984;-27679.60928;313151.8926;-63575.86459;-887.1832154;591688.2222
1185;PowerTAC_2018_Finals_13;game_complete;7;1472;1471;cheyenne;23.09.14;http://ts.powertac.org/log/PowerTAC_2018_Finals_13.tar.gz;343526.6494;-1114539.434;1095.898041;273455.7713;-424820.9495;-2712.351075;-53383.53263
1186;PowerTAC_2018_Finals_14;game_complete;7;1323;1322;cheyenne;16.05.13;http://ts.powertac.org/log/PowerTAC_2018_Finals_14.tar.gz;106113.3191;2122540.475;158601.3968;519987.9525;-931092.0785;-101936.2242;294596.7539
1187;PowerTAC_2018_Finals_15;game_complete;7;1333;1331;cheyenne;05.08.13;http://ts.powertac.org/log/PowerTAC_2018_Finals_15.tar.gz;-70628.59668;1442738.529;63037.53262;139037.4583;-700267.5741;-20644.65954;-336282.0806
1188;PowerTAC_2018_Finals_16;game_complete;7;1383;1382;cheyenne;16.11.14;http://ts.powertac.org/log/PowerTAC_2018_Finals_16.tar.gz;25055.28831;-813599.9862;12002.18086;371886.071;158354.9152;-14055.23054;1005486.366
1189;PowerTAC_2018_Finals_17;game_complete;7;1404;1402;cheyenne;23.07.13;http://ts.powertac.org/log/PowerTAC_2018_Finals_17.tar.gz;360962.0256;-2343674.597;5625.972267;262382.4783;-686344.172;-471572.1355;583331.3454
1190;PowerTAC_2018_Finals_18;game_complete;7;1524;1523;cheyenne;03.11.13;http://ts.powertac.org/log/PowerTAC_2018_Finals_18.tar.gz;228173.589;-2200862.348;-18828.76852;104866.2388;-211602.546;1757.36896;352522.8517
1191;PowerTAC_2018_Finals_19;game_complete;7;1465;1464;cheyenne;19.03.14;http://ts.powertac.org/log/PowerTAC_2018_Finals_19.tar.gz;447547.0379;1263212.08;-42365.86445;232008.1886;-1046906.17;-39143.5154;1543261.285
1192;PowerTAC_2018_Finals_20;game_complete;7;1464;1463;cheyenne;14.02.14;http://ts.powertac.org/log/PowerTAC_2018_Finals_20.tar.gz;257745.3303;681603.4318;707.0268448;274910.0866;-711026.1961;-15233.1956;1127590.423
1193;PowerTAC_2018_Finals_21;game_complete;7;1364;1362;cheyenne;14.10.14;http://ts.powertac.org/log/PowerTAC_2018_Finals_21.tar.gz;101453.7981;-2186411.852;22793.31149;-203487.7946;-678400.4994;-601425.4694;718489.67
1194;PowerTAC_2018_Finals_22;game_complete;7;1334;1333;cheyenne;13.08.13;http://ts.powertac.org/log/PowerTAC_2018_Finals_22.tar.gz;122798.211;721994.122;86524.42342;442835.0964;-1004954.465;-166550.9605;177309.1299
1195;PowerTAC_2018_Finals_23;game_complete;7;1327;1326;cheyenne;17.11.14;http://ts.powertac.org/log/PowerTAC_2018_Finals_23.tar.gz;31159.10316;-1574022.888;20328.44842;95603.97687;121704.9062;-247179.0857;26879.9064
1196;PowerTAC_2018_Finals_24;game_complete;7;1352;1351;cheyenne;02.07.13;http://ts.powertac.org/log/PowerTAC_2018_Finals_24.tar.gz;278211.1876;1686323.519;186234.5964;171735.9775;-69610.78215;-19585.35892;208465.8814
1197;PowerTAC_2018_Finals_25;game_complete;7;1373;1371;cheyenne;19.04.14;http://ts.powertac.org/log/PowerTAC_2018_Finals_25.tar.gz;656607.7371;-69267.36472;22994.94609;230394.0775;-905690.191;-13983.36644;361353.6082
1198;PowerTAC_2018_Finals_26;game_complete;7;1361;1360;cheyenne;10.05.14;http://ts.powertac.org/log/PowerTAC_2018_Finals_26.tar.gz;308058.8577;883057.3116;38708.43168;285730.8381;-77402.50233;7009.557417;783078.4913
1199;PowerTAC_2018_Finals_27;game_complete;7;1338;1336;cheyenne;19.09.13;http://ts.powertac.org/log/PowerTAC_2018_Finals_27.tar.gz;259263.0035;-918579.1861;18508.38409;106596.5705;-242109.5193;-28062.59217;352620.4408
1200;PowerTAC_2018_Finals_28;game_complete;7;1491;1490;cheyenne;04.11.13;http://ts.powertac.org/log/PowerTAC_2018_Finals_28.tar.gz;835539.6696;-988771.2624;2867.06349;214224.5365;-579638.4446;-35595.99656;880407.9787
1201;PowerTAC_2018_Finals_29;game_complete;7;1403;1401;cheyenne;06.11.14;http://ts.powertac.org/log/PowerTAC_2018_Finals_29.tar.gz;854146.7894;-2272732.465;-53193.20766;548843.7893;-442226.7611;-34675.28617;826910.0792
1202;PowerTAC_2018_Finals_30;game_complete;7;1474;1473;cheyenne;17.11.13;http://ts.powertac.org/log/PowerTAC_2018_Finals_30.tar.gz;1324567.606;-1015610.63;-4932.283776;457180.7797;-86804.37931;15452.02454;-75525.73898
1203;PowerTAC_2018_Finals_31;game_complete;7;1324;1322;cheyenne;10.11.13;http://ts.powertac.org/log/PowerTAC_2018_Finals_31.tar.gz;752195.5065;127925.2063;-9725.381937;445032.2812;-875522.0261;3816.133583;1138043.279
1204;PowerTAC_2018_Finals_32;game_complete;7;1350;1348;cheyenne;05.10.14;http://ts.powertac.org/log/PowerTAC_2018_Finals_32.tar.gz;751423.0089;-1480222.095;-31531.5585;214611.3594;-627664.8864;-35815.32697;-1330888.124
1205;PowerTAC_2018_Finals_33;game_complete;7;1354;1353;cheyenne;05.10.13;http://ts.powertac.org/log/PowerTAC_2018_Finals_33.tar.gz;835119.4689;-389091.9855;9317.077579;120028.3097;-280105.9216;-1448.868623;-144597.27
1206;PowerTAC_2018_Finals_34;game_complete;7;1699;1698;cheyenne;05.04.14;http://ts.powertac.org/log/PowerTAC_2018_Finals_34.tar.gz;1887255.343;1383062.348;15228.51757;612980.6981;-1735338.978;-36293.97208;568126.3007
1207;PowerTAC_2018_Finals_35;game_complete;7;1346;1345;cheyenne;16.10.13;http://ts.powertac.org/log/PowerTAC_2018_Finals_35.tar.gz;573634.0133;-275347.2558;-52027.60014;353519.5508;-545897.2834;-76011.58407;513886.5244
1208;PowerTAC_2018_Finals_36;game_complete;7;1403;1402;cheyenne;27.04.13;http://ts.powertac.org/log/PowerTAC_2018_Finals_36.tar.gz;1009404.68;702837.9044;118140.5922;256529.337;-1324921.301;-73100.71422;345663.7595
1209;PowerTAC_2018_Finals_37;game_complete;7;1383;1382;cheyenne;11.10.14;http://ts.powertac.org/log/PowerTAC_2018_Finals_37.tar.gz;271199.5721;-1177997.857;-27136.3006;154355.291;-1130429.428;-60023.52978;-384744.7715
1210;PowerTAC_2018_Finals_38;game_complete;7;1384;1382;cheyenne;13.09.14;http://ts.powertac.org/log/PowerTAC_2018_Finals_38.tar.gz;618711.2429;-974877.2636;4161.075492;83413.04108;-743118.1237;-104623.3088;91818.5615
1211;PowerTAC_2018_Finals_39;game_complete;7;1344;1343;cheyenne;15.09.13;http://ts.powertac.org/log/PowerTAC_2018_Finals_39.tar.gz;822301.4064;178595.7695;-46250.35024;117566.5323;-1395398.561;-221765.1597;-81670.80825
1212;PowerTAC_2018_Finals_40;game_complete;7;1349;1347;cheyenne;27.05.14;http://ts.powertac.org/log/PowerTAC_2018_Finals_40.tar.gz;492607.8633;832169.7471;36686.36455;298459.3228;-386546.0179;14593.77053;345216.6029
1213;PowerTAC_2018_Finals_41;game_complete;7;1510;1509;cheyenne;08.10.13;http://ts.powertac.org/log/PowerTAC_2018_Finals_41.tar.gz;782984.0021;-1532791.791;13306.17403;-12511.13722;-882506.96;-18297.94466;241060.1066
1214;PowerTAC_2018_Finals_42;game_complete;7;1344;1342;cheyenne;10.03.14;http://ts.powertac.org/log/PowerTAC_2018_Finals_42.tar.gz;592749.3055;665939.6175;-28810.86891;206673.7724;-818325.7041;27699.47732;709575.0891
1215;PowerTAC_2018_Finals_43;game_complete;7;1419;1418;cheyenne;08.01.14;http://ts.powertac.org/log/PowerTAC_2018_Finals_43.tar.gz;670892.575;-1926021.392;-11702.95171;203602.0322;-94848.47005;7214.785333;1402542.645
1216;PowerTAC_2018_Finals_44;game_complete;7;1397;1396;cheyenne;24.12.14;http://ts.powertac.org/log/PowerTAC_2018_Finals_44.tar.gz;338825.4732;-609338.3977;17360.09616;154117.0606;-329670.4942;11669.84624;559306.1555
1217;PowerTAC_2018_Finals_45;game_complete;7;1390;1389;cheyenne;01.06.13;http://ts.powertac.org/log/PowerTAC_2018_Finals_45.tar.gz;-172456.2993;548411.5971;95937.71045;184650.8288;-411801.6567;-9509.225979;-341908.5594
1218;PowerTAC_2018_Finals_46;game_complete;7;1602;1601;cheyenne;05.06.14;http://ts.powertac.org/log/PowerTAC_2018_Finals_46.tar.gz;525631.3869;369133.0643;69889.79397;117151.2642;-1058652.862;-45890.90999;263624.0566
1219;PowerTAC_2018_Finals_47;game_complete;7;1389;1387;cheyenne;15.03.14;http://ts.powertac.org/log/PowerTAC_2018_Finals_47.tar.gz;1112518.641;715222.0888;-44376.39404;496988.8113;-1454762.918;-12893.22833;666482.1968
1220;PowerTAC_2018_Finals_48;game_complete;7;1351;1349;cheyenne;07.04.14;http://ts.powertac.org/log/PowerTAC_2018_Finals_48.tar.gz;776810.5725;-593411.697;17030.90686;260911.1188;-603982.5858;-1132.907915;897841.8387
1221;PowerTAC_2018_Finals_49;game_complete;7;1367;1366;cheyenne;19.12.13;http://ts.powertac.org/log/PowerTAC_2018_Finals_49.tar.gz;1204708.971;-1640559.508;21810.17192;271258.6072;-550343.5348;-35887.10575;198949.5002
1222;PowerTAC_2018_Finals_50;game_complete;7;1375;1374;cheyenne;02.01.14;http://ts.powertac.org/log/PowerTAC_2018_Finals_50.tar.gz;186078.3877;-2768936.936;903.8751717;181969.5668;523108.0411;-26149.43352;939425.3107
1223;PowerTAC_2018_Finals_51;game_complete;7;1371;1369;cheyenne;14.05.13;http://ts.powertac.org/log/PowerTAC_2018_Finals_51.tar.gz;1088469.536;1162528.871;141060.2811;341096.1737;-1060748.629;-78199.30793;424066.2542
1224;PowerTAC_2018_Finals_52;game_complete;7;1649;1648;cheyenne;25.08.14;http://ts.powertac.org/log/PowerTAC_2018_Finals_52.tar.gz;606107.7025;-286651.1077;-2504.690871;137380.9744;-801603.4666;40444.16996;1327144.506
1225;PowerTAC_2018_Finals_53;game_complete;7;1358;1356;cheyenne;10.04.13;http://ts.powertac.org/log/PowerTAC_2018_Finals_53.tar.gz;1366704.641;-661724.9749;26216.43918;460370.8603;-1643264.146;-8904.466706;4002333.123
1226;PowerTAC_2018_Finals_54;game_complete;7;1403;1402;cheyenne;20.11.14;http://ts.powertac.org/log/PowerTAC_2018_Finals_54.tar.gz;1889284.486;-254162.9327;-64972.97231;504877.6397;-1561175.612;-85967.21015;2129215.346
1227;PowerTAC_2018_Finals_55;game_complete;7;1398;1396;cheyenne;13.09.14;http://ts.powertac.org/log/PowerTAC_2018_Finals_55.tar.gz;-256219.133;0;-65365.26366;11553.78578;-2801135.22;-376188.6409;-519926.2319
1228;PowerTAC_2018_Finals_56;game_complete;7;1478;1477;cheyenne;11.10.13;http://ts.powertac.org/log/PowerTAC_2018_Finals_56.tar.gz;-618000.3263;-395421.0715;-28415.51552;599872.9885;-1046389.744;-21283.0736;178129.0008
1229;PowerTAC_2018_Finals_57;game_complete;7;1333;1331;cheyenne;12.11.14;http://ts.powertac.org/log/PowerTAC_2018_Finals_57.tar.gz;956880.5719;-261096.022;-53152.40542;399269.8517;-1609692.232;-93337.6751;1712134.96
1230;PowerTAC_2018_Finals_58;game_complete;7;1328;1326;cheyenne;17.10.13;http://ts.powertac.org/log/PowerTAC_2018_Finals_58.tar.gz;880849.0739;-2468732.963;11697.57554;418823.3514;-379959.6503;-181645.755;418621.5645
1231;PowerTAC_2018_Finals_59;game_complete;7;1352;1351;cheyenne;27.04.13;http://ts.powertac.org/log/PowerTAC_2018_Finals_59.tar.gz;359155.3896;-1081721.166;81342.87066;419787.6265;-200176.3171;-179575.8916;1260577.895
1232;PowerTAC_2018_Finals_60;game_complete;7;1830;1829;cheyenne;22.09.14;http://ts.powertac.org/log/PowerTAC_2018_Finals_60.tar.gz;-335774.7195;0;-14201.50264;-27649.39681;-4910601.223;-357143.8177;169785.6538
1233;PowerTAC_2018_Finals_61;game_complete;7;1417;1416;cheyenne;17.05.13;http://ts.powertac.org/log/PowerTAC_2018_Finals_61.tar.gz;-787366.5697;0;251285.4899;1602743.275;-3083795.226;-355487.5187;500027.7276
1234;PowerTAC_2018_Finals_62;game_complete;7;1720;1719;cheyenne;16.06.14;http://ts.powertac.org/log/PowerTAC_2018_Finals_62.tar.gz;901824.8433;11138.01697;83237.92762;298491.6116;-52895.50707;11331.01511;147761.3858
1235;PowerTAC_2018_Finals_63;game_complete;7;1324;1322;cheyenne;11.03.14;http://ts.powertac.org/log/PowerTAC_2018_Finals_63.tar.gz;784826.0803;-124554.7514;-22974.57636;140865.492;-608446.7718;19778.84047;958119.9632
1236;PowerTAC_2018_Finals_64;game_complete;7;1333;1331;cheyenne;27.07.13;http://ts.powertac.org/log/PowerTAC_2018_Finals_64.tar.gz;-123852.7608;-967795.8674;109992.3723;58287.52897;-561381.5532;-317897.2656;792809.3849
1237;PowerTAC_2018_Finals_65;game_complete;7;1422;1421;cheyenne;13.09.14;http://ts.powertac.org/log/PowerTAC_2018_Finals_65.tar.gz;687873.2374;-185750.9656;-6287.655416;282454.0816;-1333081.705;-36449.16225;143251.0677
1238;PowerTAC_2018_Finals_66;game_complete;7;1431;1430;cheyenne;08.12.14;http://ts.powertac.org/log/PowerTAC_2018_Finals_66.tar.gz;1506844.605;-360865.3931;17366.86349;180631.021;-704289.8288;22357.54635;1307450.304
1239;PowerTAC_2018_Finals_67;game_complete;7;1419;1418;cheyenne;17.05.13;http://ts.powertac.org/log/PowerTAC_2018_Finals_67.tar.gz;496660.3831;1518261.03;116221.8521;529833.0013;-863499.3559;-68674.30088;696247.4192
1240;PowerTAC_2018_Finals_68;game_complete;7;1506;1505;cheyenne;30.11.14;http://ts.powertac.org/log/PowerTAC_2018_Finals_68.tar.gz;1096864.298;-1539506.43;3590.305334;93402.62398;-837354.2775;-4972.506012;545578.2656
1241;PowerTAC_2018_Finals_69;game_complete;7;1397;1396;cheyenne;08.11.13;http://ts.powertac.org/log/PowerTAC_2018_Finals_69.tar.gz;920526.8026;-1549644.092;-31234.72278;302865.0765;-1077696.094;-6336.520453;871582.9661
1242;PowerTAC_2018_Finals_70;game_complete;7;1333;1331;cheyenne;09.11.13;http://ts.powertac.org/log/PowerTAC_2018_Finals_70.tar.gz;1134435.954;-1904317.229;-19514.07765;207660.3232;-958343.0258;-2969.404405;501623.1146
1243;PowerTAC_2018_Finals_71;game_complete;7;1357;1356;cheyenne;13.08.14;http://ts.powertac.org/log/PowerTAC_2018_Finals_71.tar.gz;237118.5884;-920904.4772;19971.34789;104559.5115;-846424.2695;15.10734572;90505.10655
1244;PowerTAC_2018_Finals_72;game_complete;7;1522;1521;cheyenne;13.07.14;http://ts.powertac.org/log/PowerTAC_2018_Finals_72.tar.gz;470925.8453;69308.295;71842.35173;97685.13194;-1286728.901;-26717.08794;-330652.5753
1245;PowerTAC_2018_Finals_73;game_complete;7;1515;1513;cheyenne;28.12.14;http://ts.powertac.org/log/PowerTAC_2018_Finals_73.tar.gz;620866.6885;-355998.5523;-1028.790289;523710.1512;-645863.7533;8853.609677;596953.9446
1246;PowerTAC_2018_Finals_74;game_complete;7;1343;1342;cheyenne;16.05.13;http://ts.powertac.org/log/PowerTAC_2018_Finals_74.tar.gz;166762.8065;548126.1612;159059.1194;280654.9673;-1407223.88;-67400.67551;711525.4211
1247;PowerTAC_2018_Finals_75;game_complete;7;1387;1385;cheyenne;19.08.13;http://ts.powertac.org/log/PowerTAC_2018_Finals_75.tar.gz;480160.53;828914.9893;3266.605904;3780.811074;-987298.5146;12367.69115;-456184.1595
1248;PowerTAC_2018_Finals_76;game_complete;7;1493;1492;cheyenne;06.08.14;http://ts.powertac.org/log/PowerTAC_2018_Finals_76.tar.gz;358703.1085;193761.2656;-16312.87084;193526.9617;-1030639.028;-64537.07134;38676.87451
1249;PowerTAC_2018_Finals_77;game_complete;7;1357;1355;cheyenne;13.12.13;http://ts.powertac.org/log/PowerTAC_2018_Finals_77.tar.gz;583181.6378;-1690458.103;-2920.810425;300944.0973;-1303859.723;-131995.7149;26988.21936
1250;PowerTAC_2018_Finals_78;game_complete;7;1529;1528;cheyenne;05.08.14;http://ts.powertac.org/log/PowerTAC_2018_Finals_78.tar.gz;1649702.295;1205509.956;-23702.08072;187074.8974;-1655143.237;-30767.92636;149812.1303
1251;PowerTAC_2018_Finals_79;game_complete;7;1489;1488;cheyenne;07.04.14;http://ts.powertac.org/log/PowerTAC_2018_Finals_79.tar.gz;674250.1991;1031432.721;-20213.96402;182999.256;-728427.6195;10426.04943;1349935.829
1252;PowerTAC_2018_Finals_80;game_complete;7;1347;1346;cheyenne;23.12.14;http://ts.powertac.org/log/PowerTAC_2018_Finals_80.tar.gz;605913.8991;-919747.4089;-20715.46602;466331.3291;-1593346.215;-76012.59897;662505.4538
1253;PowerTAC_2018_Finals_81;game_complete;7;1566;1565;cheyenne;06.09.14;http://ts.powertac.org/log/PowerTAC_2018_Finals_81.tar.gz;608307.2188;-1112738.323;5528.454871;202281.4932;-502578.2327;-198753.7247;-470794.4464
1254;PowerTAC_2018_Finals_82;game_complete;7;1433;1432;cheyenne;02.12.13;http://ts.powertac.org/log/PowerTAC_2018_Finals_82.tar.gz;241203.2524;-1474770.906;20541.74705;455331.2537;-913201.7382;-12626.33689;331594.741
1255;PowerTAC_2018_Finals_83;game_complete;7;1475;1473;cheyenne;23.12.14;http://ts.powertac.org/log/PowerTAC_2018_Finals_83.tar.gz;368429.667;-1294880.127;43039.19091;514852.963;-583603.2245;25168.26889;582133.4439
1256;PowerTAC_2018_Finals_84;game_complete;7;1726;1725;cheyenne;01.10.13;http://ts.powertac.org/log/PowerTAC_2018_Finals_84.tar.gz;826006.1437;-2604905.13;20296.09379;229661.0829;-1470698.008;7584.319726;216495.6624
1257;PowerTAC_2018_Finals_85;game_complete;7;1522;1520;cheyenne;04.10.14;http://ts.powertac.org/log/PowerTAC_2018_Finals_85.tar.gz;-128443.5278;-2099869.446;1268.957167;587572.8443;-1084593.643;-182132.0401;517139.7715
1258;PowerTAC_2018_Finals_86;game_complete;7;1349;1347;cheyenne;17.05.14;http://ts.powertac.org/log/PowerTAC_2018_Finals_86.tar.gz;446654.8627;-287244.3994;103056.2784;185541.0715;-589967.2341;-64461.94128;209032.8248
1259;PowerTAC_2018_Finals_87;game_complete;7;1643;1642;cheyenne;11.12.14;http://ts.powertac.org/log/PowerTAC_2018_Finals_87.tar.gz;-48695.22825;-1400736.622;1364.208155;148242.7092;-1697299.709;-103758.3555;772122.5524
1260;PowerTAC_2018_Finals_88;game_complete;7;1323;1322;cheyenne;07.10.13;http://ts.powertac.org/log/PowerTAC_2018_Finals_88.tar.gz;111120.6745;-1774820.026;40841.97376;-122249.0385;-954889.7183;-53272.71946;-490236.9974
1261;PowerTAC_2018_Finals_89;game_complete;7;1391;1389;cheyenne;23.09.14;http://ts.powertac.org/log/PowerTAC_2018_Finals_89.tar.gz;422418.1882;-3343565.97;45208.78564;324833.2763;-623847.333;-20071.37036;-156323.1269
1262;PowerTAC_2018_Finals_90;game_complete;7;1373;1372;cheyenne;09.01.14;http://ts.powertac.org/log/PowerTAC_2018_Finals_90.tar.gz;313597.8729;-2356431.081;100924.4183;126063.5731;-472632.8689;78519.47696;194212.4248
1263;PowerTAC_2018_Finals_91;game_complete;7;1354;1352;cheyenne;04.03.14;http://ts.powertac.org/log/PowerTAC_2018_Finals_91.tar.gz;7459.980815;-1553190.758;-2047.253023;94840.7753;-1086641.48;-207944.792;797084.3593
1264;PowerTAC_2018_Finals_92;game_complete;7;1366;1365;cheyenne;05.04.13;http://ts.powertac.org/log/PowerTAC_2018_Finals_92.tar.gz;249679.843;-360953.0755;54438.69858;337825.6861;-336853.1836;-71995.39751;645540.9485
1265;PowerTAC_2018_Finals_93;game_complete;7;1469;1467;cheyenne;18.08.13;http://ts.powertac.org/log/PowerTAC_2018_Finals_93.tar.gz;-133037.6196;-568712.2978;44601.79505;340931.4819;-572144.2384;26936.4299;434298.2379
1266;PowerTAC_2018_Finals_94;game_complete;7;1378;1377;cheyenne;03.06.14;http://ts.powertac.org/log/PowerTAC_2018_Finals_94.tar.gz;290122.8376;723784.2955;106924.3625;199595.4215;-739321.5863;-33075.04936;4690.085934
1267;PowerTAC_2018_Finals_95;game_complete;7;1527;1526;cheyenne;15.12.13;http://ts.powertac.org/log/PowerTAC_2018_Finals_95.tar.gz;1417412.895;-1338911.96;-33163.20731;63033.68271;-803150.8138;-33815.50077;217413.282
1268;PowerTAC_2018_Finals_96;game_complete;7;1488;1486;cheyenne;13.04.13;http://ts.powertac.org/log/PowerTAC_2018_Finals_96.tar.gz;269608.0178;329599.5386;62439.78934;388996.2331;-1112746.724;-149276.9126;1555105.948
1269;PowerTAC_2018_Finals_97;game_complete;7;1681;1680;cheyenne;12.10.14;http://ts.powertac.org/log/PowerTAC_2018_Finals_97.tar.gz;-55744.01862;-5349393.442;39458.10415;43663.87614;-483611.454;1178.802169;-1052299.051
1270;PowerTAC_2018_Finals_98;game_complete;7;1406;1405;cheyenne;31.10.13;http://ts.powertac.org/log/PowerTAC_2018_Finals_98.tar.gz;257024.3805;-1728939.952;-51028.01656;281450.7947;-1705244.111;22866.61074;811084.6511
1271;PowerTAC_2018_Finals_99;game_complete;7;1519;1517;cheyenne;28.12.13;http://ts.powertac.org/log/PowerTAC_2018_Finals_99.tar.gz;167849.0839;-1937849.375;7774.8412;492964.1869;-966995.6311;-82505.08234;650065.5032
1272;PowerTAC_2018_Finals_100;game_complete;7;1421;1420;cheyenne;04.10.13;http://ts.powertac.org/log/PowerTAC_2018_Finals_100.tar.gz;410239.7814;-2937647.06;40147.95511;185092.0774;-958991.2839;-17050.8864;-193939.4812
1273;PowerTAC_2018_Finals_101;game_complete;4;1348;1346;cheyenne;30.10.13;http://ts.powertac.org/log/PowerTAC_2018_Finals_101.tar.gz;;-401605.5324;3654.988596;1071920.56;-1557554.275;;
1274;PowerTAC_2018_Finals_102;game_complete;4;1510;1508;cheyenne;07.04.13;http://ts.powertac.org/log/PowerTAC_2018_Finals_102.tar.gz;-25425.6744;1525052.581;137186.5924;;-498499.4966;;
1275;PowerTAC_2018_Finals_103;game_complete;4;1556;1555;cheyenne;10.05.13;http://ts.powertac.org/log/PowerTAC_2018_Finals_103.tar.gz;711293.1266;1886168.26;;862437.2995;-1234480.247;;
1276;PowerTAC_2018_Finals_104;game_complete;4;1433;1431;cheyenne;13.05.14;http://ts.powertac.org/log/PowerTAC_2018_Finals_104.tar.gz;2279653.474;;219194.4467;577005.2255;-3777847.167;;
1277;PowerTAC_2018_Finals_105;game_complete;4;1432;1430;cheyenne;12.04.13;http://ts.powertac.org/log/PowerTAC_2018_Finals_105.tar.gz;256446.1062;2226916.012;90825.11139;1104026.602;;;
1278;PowerTAC_2018_Finals_106;game_complete;4;1474;1472;cheyenne;12.12.14;http://ts.powertac.org/log/PowerTAC_2018_Finals_106.tar.gz;;752559.3501;71985.12692;;-1396879.692;;2028028.818
1279;PowerTAC_2018_Finals_107;game_complete;4;1733;1732;cheyenne;13.04.14;http://ts.powertac.org/log/PowerTAC_2018_Finals_107.tar.gz;;1950169.052;;491061.8988;-349835.3336;;2658559.779
1280;PowerTAC_2018_Finals_108;game_complete;4;1376;1374;cheyenne;17.11.13;http://ts.powertac.org/log/PowerTAC_2018_Finals_108.tar.gz;;;-37225.09149;-212255.5269;-4603309.364;;472411.2707
1281;PowerTAC_2018_Finals_109;game_complete;4;1348;1346;cheyenne;02.08.13;http://ts.powertac.org/log/PowerTAC_2018_Finals_109.tar.gz;;-976609.4497;179992.0418;597941.783;;;388363.0327
1282;PowerTAC_2018_Finals_110;game_complete;4;1323;1322;cheyenne;04.03.14;http://ts.powertac.org/log/PowerTAC_2018_Finals_110.tar.gz;634982.6592;196423.6923;;;-1571062.725;;1848322.819
1283;PowerTAC_2018_Finals_111;game_complete;4;1754;1753;cheyenne;16.01.14;http://ts.powertac.org/log/PowerTAC_2018_Finals_111.tar.gz;93030.86768;;-167606.8678;;-3514168.249;;465579.7794
1284;PowerTAC_2018_Finals_112;game_complete;4;2300;2299;cheyenne;03.08.14;http://ts.powertac.org/log/PowerTAC_2018_Finals_112.tar.gz;-87915.67314;-622326.9128;61055.58511;;;;803634.6483
1285;PowerTAC_2018_Finals_113;game_complete;4;1597;1596;cheyenne;05.09.13;http://ts.powertac.org/log/PowerTAC_2018_Finals_113.tar.gz;-238263.3975;;;90291.43271;-3180199.768;;1453941.85
1286;PowerTAC_2018_Finals_114;game_complete;4;1348;1347;cheyenne;27.12.13;http://ts.powertac.org/log/PowerTAC_2018_Finals_114.tar.gz;325431.5197;-4359164.497;;123348.988;;;222523.0319
1287;PowerTAC_2018_Finals_115;game_complete;4;1617;1616;cheyenne;23.07.14;http://ts.powertac.org/log/PowerTAC_2018_Finals_115.tar.gz;63893.98288;;101460.9933;773312.8068;;;3093184.303
1288;PowerTAC_2018_Finals_116;game_complete;4;1443;1441;cheyenne;14.01.14;http://ts.powertac.org/log/PowerTAC_2018_Finals_116.tar.gz;;-1728018.206;133740.222;;-1767834.184;160054.077;
1289;PowerTAC_2018_Finals_117;game_complete;4;1365;1363;cheyenne;27.11.13;http://ts.powertac.org/log/PowerTAC_2018_Finals_117.tar.gz;;-3706774.555;;-151736.2203;-919375.8336;-62768.72956;
1290;PowerTAC_2018_Finals_118;game_complete;4;1366;1364;cheyenne;27.10.13;http://ts.powertac.org/log/PowerTAC_2018_Finals_118.tar.gz;;;343412.2011;322997.8208;-7485591.967;-48165.9689;
1291;PowerTAC_2018_Finals_119;game_complete;4;1326;1325;cheyenne;03.11.14;http://ts.powertac.org/log/PowerTAC_2018_Finals_119.tar.gz;;-2177911.13;84317.75319;317060.6501;;269523.5719;
1292;PowerTAC_2018_Finals_120;game_complete;4;1701;1700;cheyenne;11.04.14;http://ts.powertac.org/log/PowerTAC_2018_Finals_120.tar.gz;297027.6713;1141854.019;;;-797517.1805;243214.4031;
1293;PowerTAC_2018_Finals_121;game_complete;4;1415;1414;cheyenne;30.10.14;http://ts.powertac.org/log/PowerTAC_2018_Finals_121.tar.gz;669856.4342;;314683.5471;;-5134514.998;3283746.366;
1294;PowerTAC_2018_Finals_122;game_complete;4;1375;1373;cheyenne;07.08.14;http://ts.powertac.org/log/PowerTAC_2018_Finals_122.tar.gz;242460.95;-715388.1498;47679.17316;;;203903.7838;
1295;PowerTAC_2018_Finals_123;game_complete;4;1393;1391;cheyenne;18.04.13;http://ts.powertac.org/log/PowerTAC_2018_Finals_123.tar.gz;1773721.304;;;2405233.164;-1267645.194;1269738.955;
1296;PowerTAC_2018_Finals_124;game_complete;4;1342;1340;cheyenne;13.05.14;http://ts.powertac.org/log/PowerTAC_2018_Finals_124.tar.gz;240040.7396;2377738.796;;506341.8174;;8873.312292;
1297;PowerTAC_2018_Finals_125;game_complete;4;1323;1321;cheyenne;13.07.14;http://ts.powertac.org/log/PowerTAC_2018_Finals_125.tar.gz;408661.0311;;220878.8143;3752136.368;;4008404.454;
1298;PowerTAC_2018_Finals_126;game_complete;4;1346;1345;cheyenne;10.05.13;http://ts.powertac.org/log/PowerTAC_2018_Finals_126.tar.gz;;628806.3568;;;-408442.602;82987.78142;898156.4911
1299;PowerTAC_2018_Finals_127;game_complete;4;1364;1363;cheyenne;03.12.13;http://ts.powertac.org/log/PowerTAC_2018_Finals_127.tar.gz;;;-109450.9126;;-4020601.787;-199017.1732;-509022.2457
1300;PowerTAC_2018_Finals_128;game_complete;4;1325;1323;cheyenne;27.07.13;http://ts.powertac.org/log/PowerTAC_2018_Finals_128.tar.gz;;164535.5844;159601.8269;;;-65220.41298;1044096.589
1301;PowerTAC_2018_Finals_129;game_complete;4;1471;1469;cheyenne;18.06.14;http://ts.powertac.org/log/PowerTAC_2018_Finals_129.tar.gz;;;;492036.2469;-1990255.538;-113085.6831;1383003.228
1302;PowerTAC_2018_Finals_130;game_complete;4;1652;1651;cheyenne;05.04.13;http://ts.powertac.org/log/PowerTAC_2018_Finals_130.tar.gz;;1744549.937;;589990.9335;;-8279.657432;2465873.759
1303;PowerTAC_2018_Finals_131;game_complete;4;1437;1436;cheyenne;21.06.13;http://ts.powertac.org/log/PowerTAC_2018_Finals_131.tar.gz;;;175709.9494;668128.3056;;-93465.95021;2407051.556
1304;PowerTAC_2018_Finals_132;game_complete;4;1391;1389;cheyenne;04.09.14;http://ts.powertac.org/log/PowerTAC_2018_Finals_132.tar.gz;92709.79904;;;;-1805913.998;-183504.1796;706272.7421
1305;PowerTAC_2018_Finals_133;game_complete;4;1414;1412;cheyenne;25.08.14;http://ts.powertac.org/log/PowerTAC_2018_Finals_133.tar.gz;1032540.589;266644.6127;;;;-30676.65022;-596900.157
1306;PowerTAC_2018_Finals_134;game_complete;4;1388;1387;cheyenne;03.03.14;http://ts.powertac.org/log/PowerTAC_2018_Finals_134.tar.gz;-575089.6521;;18741.6099;;;11003.30734;2112036.337
1307;PowerTAC_2018_Finals_135;game_complete;4;1354;1353;cheyenne;05.07.13;http://ts.powertac.org/log/PowerTAC_2018_Finals_135.tar.gz;75125.98016;;;733569.4313;;39315.96574;2737155.861
1308;PowerTAC_2018_Finals_136;game_complete;4;1443;1441;cheyenne;30.09.13;http://ts.powertac.org/log/PowerTAC_2018_Finals_136.tar.gz;;-5202979.263;299457.2017;219500.6132;-2382716.303;;
1309;PowerTAC_2018_Finals_137;game_complete;4;1475;1473;cheyenne;14.05.14;http://ts.powertac.org/log/PowerTAC_2018_Finals_137.tar.gz;1967982.53;1782017.548;152855.7174;;-887325.8409;;
1310;PowerTAC_2018_Finals_138;game_complete;4;1998;1996;cheyenne;12.01.14;http://ts.powertac.org/log/PowerTAC_2018_Finals_138.tar.gz;373230.6853;-1543837.486;;638280.1503;-1890268.208;;
1311;PowerTAC_2018_Finals_139;game_complete;4;1342;1341;cheyenne;04.05.14;http://ts.powertac.org/log/PowerTAC_2018_Finals_139.tar.gz;821955.5875;;252285.147;4024071.504;-1702981.65;;
1312;PowerTAC_2018_Finals_140;game_complete;4;1484;1482;cheyenne;02.11.13;http://ts.powertac.org/log/PowerTAC_2018_Finals_140.tar.gz;149347.1539;-2536544.756;91714.39578;488250.6738;;;
1313;PowerTAC_2018_Finals_141;game_complete;4;1337;1336;cheyenne;04.01.14;http://ts.powertac.org/log/PowerTAC_2018_Finals_141.tar.gz;;-943319.9625;7625.731715;;-1104555.027;;1144924.656
1314;PowerTAC_2018_Finals_142;game_complete;4;1581;1580;cheyenne;05.05.13;http://ts.powertac.org/log/PowerTAC_2018_Finals_142.tar.gz;;1912646.074;;321457.9181;130672.1908;;1759327.139
1315;PowerTAC_2018_Finals_143;game_complete;4;1448;1447;cheyenne;15.08.14;http://ts.powertac.org/log/PowerTAC_2018_Finals_143.tar.gz;;;-57341.73783;496093.0505;-2677784.665;;2412895.721
1316;PowerTAC_2018_Finals_144;game_complete;4;1406;1405;cheyenne;20.11.14;http://ts.powertac.org/log/PowerTAC_2018_Finals_144.tar.gz;;-2390745.714;87702.8127;54843.67158;;;-16135.18187
1317;PowerTAC_2018_Finals_145;game_complete;4;1467;1466;cheyenne;22.02.14;http://ts.powertac.org/log/PowerTAC_2018_Finals_145.tar.gz;419761.7114;1464181.092;;;-876607.4113;;1949212.069
1318;PowerTAC_2018_Finals_146;game_complete;4;1542;1540;cheyenne;18.08.13;http://ts.powertac.org/log/PowerTAC_2018_Finals_146.tar.gz;-161919.3601;;-63558.33291;;-2326466.37;;238673.8771
1319;PowerTAC_2018_Finals_147;game_complete;4;1526;1525;cheyenne;10.09.14;http://ts.powertac.org/log/PowerTAC_2018_Finals_147.tar.gz;241160.9215;-912942.197;47186.4062;;;;281718.7968
1320;PowerTAC_2018_Finals_148;game_complete;4;1371;1370;cheyenne;04.09.14;http://ts.powertac.org/log/PowerTAC_2018_Finals_148.tar.gz;-12564.42205;;;-377387.6417;-4911781.154;;1303216.588
1321;PowerTAC_2018_Finals_149;game_complete;4;1379;1378;cheyenne;20.07.13;http://ts.powertac.org/log/PowerTAC_2018_Finals_149.tar.gz;456038.9645;-873308.2446;;433335.8714;;;273747.5545
1322;PowerTAC_2018_Finals_150;game_complete;4;1481;1480;cheyenne;20.07.13;http://ts.powertac.org/log/PowerTAC_2018_Finals_150.tar.gz;216384.9117;;125559.2072;796432.1711;;;2502484.413
1323;PowerTAC_2018_Finals_151;game_complete;4;1421;1419;cheyenne;13.05.13;http://ts.powertac.org/log/PowerTAC_2018_Finals_151.tar.gz;;1507627.058;412810.9848;;-1053980.158;1428.576873;
1324;PowerTAC_2018_Finals_152;game_complete;4;1439;1437;cheyenne;20.03.14;http://ts.powertac.org/log/PowerTAC_2018_Finals_152.tar.gz;;1203949.785;;796721.0473;-622874.1509;99044.90628;
1325;PowerTAC_2018_Finals_153;game_complete;4;1852;1851;cheyenne;03.09.13;http://ts.powertac.org/log/PowerTAC_2018_Finals_153.tar.gz;;;392872.8757;-753851.3475;-1.32E+07;61774.47672;
1326;PowerTAC_2018_Finals_154;game_complete;4;1385;1384;cheyenne;30.08.13;http://ts.powertac.org/log/PowerTAC_2018_Finals_154.tar.gz;;-1553194.928;48185.72898;792648.4043;;147765.0928;
1327;PowerTAC_2018_Finals_155;game_complete;4;1350;1348;cheyenne;31.07.14;http://ts.powertac.org/log/PowerTAC_2018_Finals_155.tar.gz;-64819.69477;245716.024;;;-521999.5822;52919.93133;
1328;PowerTAC_2018_Finals_156;game_complete;4;1535;1533;cheyenne;11.04.14;http://ts.powertac.org/log/PowerTAC_2018_Finals_156.tar.gz;2694197.416;;154172.2281;;-456247.1351;3867533.589;
1329;PowerTAC_2018_Finals_157;game_complete;4;1336;1334;cheyenne;23.08.14;http://ts.powertac.org/log/PowerTAC_2018_Finals_157.tar.gz;194162.8318;-888443.0229;78583.08635;;;81392.46746;
1330;PowerTAC_2018_Finals_158;game_complete;4;1350;1348;cheyenne;14.05.13;http://ts.powertac.org/log/PowerTAC_2018_Finals_158.tar.gz;1731076.609;;;515984.3619;-7813212.243;-253531.2551;
1331;PowerTAC_2018_Finals_159;game_complete;4;1370;1368;cheyenne;14.07.13;http://ts.powertac.org/log/PowerTAC_2018_Finals_159.tar.gz;1061767.47;1316408.607;;399372.3872;;11479.82879;
1332;PowerTAC_2018_Finals_160;game_complete;4;1406;1404;cheyenne;02.11.14;http://ts.powertac.org/log/PowerTAC_2018_Finals_160.tar.gz;241883.4584;;241408.5879;1187347.319;;4877795.522;
1333;PowerTAC_2018_Finals_161;game_complete;4;1367;1365;cheyenne;21.08.14;http://ts.powertac.org/log/PowerTAC_2018_Finals_161.tar.gz;;430046.1915;;;-1198152.702;84232.20328;880056.0482
1334;PowerTAC_2018_Finals_162;game_complete;4;1408;1407;cheyenne;11.09.13;http://ts.powertac.org/log/PowerTAC_2018_Finals_162.tar.gz;;;-83159.82794;;-2058195.742;190451.7019;-1892359.502
1335;PowerTAC_2018_Finals_163;game_complete;4;1391;1390;cheyenne;24.07.14;http://ts.powertac.org/log/PowerTAC_2018_Finals_163.tar.gz;;1200554.186;72685.36509;;;137614.6669;748883.2234
1336;PowerTAC_2018_Finals_164;game_complete;4;1392;1391;cheyenne;26.10.13;http://ts.powertac.org/log/PowerTAC_2018_Finals_164.tar.gz;;;;281308.9273;-3191210.512;-555419.5759;489406.1835
1337;PowerTAC_2018_Finals_165;game_complete;4;1325;1324;cheyenne;22.05.14;http://ts.powertac.org/log/PowerTAC_2018_Finals_165.tar.gz;;559418.1646;;470607.1705;;-99919.25837;907040.1384
1338;PowerTAC_2018_Finals_166;game_complete;4;1386;1385;cheyenne;20.10.13;http://ts.powertac.org/log/PowerTAC_2018_Finals_166.tar.gz;;;28493.56509;285754.6485;;655095.2768;1351162.328
1339;PowerTAC_2018_Finals_167;game_complete;4;1373;1371;cheyenne;27.06.14;http://ts.powertac.org/log/PowerTAC_2018_Finals_167.tar.gz;-86931.05027;;;;-2357231.697;-458226.7257;1217924.254
1340;PowerTAC_2018_Finals_168;game_complete;4;1435;1433;cheyenne;28.02.14;http://ts.powertac.org/log/PowerTAC_2018_Finals_168.tar.gz;1625340.045;674940.1638;;;;3887.317081;350710.6882
1341;PowerTAC_2018_Finals_169;game_complete;4;1637;1636;cheyenne;07.04.13;http://ts.powertac.org/log/PowerTAC_2018_Finals_169.tar.gz;-209217.5343;;67919.83082;;;13976.61587;6127580.378
1342;PowerTAC_2018_Finals_170;game_complete;4;1350;1348;cheyenne;29.12.13;http://ts.powertac.org/log/PowerTAC_2018_Finals_170.tar.gz;620137.2836;;;431780.1003;;83854.5056;2471911.801
1343;PowerTAC_2018_Finals_171;game_complete;4;1559;1557;cheyenne;21.05.13;http://ts.powertac.org/log/PowerTAC_2018_Finals_171.tar.gz;;2034708.326;445453.8184;693381.7434;-1548189.139;;
1344;PowerTAC_2018_Finals_172;game_complete;4;1727;1726;cheyenne;31.10.13;http://ts.powertac.org/log/PowerTAC_2018_Finals_172.tar.gz;1474897.254;-3545493.126;130696.4353;;-1128513.391;;
1345;PowerTAC_2018_Finals_173;game_complete;4;1531;1530;cheyenne;12.07.13;http://ts.powertac.org/log/PowerTAC_2018_Finals_173.tar.gz;238698.3777;2075819.187;;711013.3753;-764601.8796;;
1346;PowerTAC_2018_Finals_174;game_complete;4;1498;1496;cheyenne;23.12.13;http://ts.powertac.org/log/PowerTAC_2018_Finals_174.tar.gz;3406170.478;;347108.5513;-1617587.322;-1.05E+07;;
1347;PowerTAC_2018_Finals_175;game_complete;4;1786;1784;cheyenne;03.08.13;http://ts.powertac.org/log/PowerTAC_2018_Finals_175.tar.gz;18392.26172;-2386546.918;198699.3938;673187.9645;;;
1348;PowerTAC_2018_Finals_176;game_complete;4;1618;1617;cheyenne;29.11.14;http://ts.powertac.org/log/PowerTAC_2018_Finals_176.tar.gz;;-677397.1778;135289.3089;;-1202041.463;;1707929.595
1349;PowerTAC_2018_Finals_177;game_complete;4;1350;1348;cheyenne;24.11.14;http://ts.powertac.org/log/PowerTAC_2018_Finals_177.tar.gz;;-1949236.82;;122688.0435;-1198738.975;;326993.0139
1350;PowerTAC_2018_Finals_178;game_complete;4;1600;1599;cheyenne;01.11.14;http://ts.powertac.org/log/PowerTAC_2018_Finals_178.tar.gz;;;-102229.0179;-230283.1652;-6104622.602;;1617106.258
1351;PowerTAC_2018_Finals_179;game_complete;4;1385;1384;cheyenne;14.09.13;http://ts.powertac.org/log/PowerTAC_2018_Finals_179.tar.gz;;-1594330.893;34505.57994;554983.2423;;;-37802.93423
1352;PowerTAC_2018_Finals_180;game_complete;4;1506;1505;cheyenne;14.12.14;http://ts.powertac.org/log/PowerTAC_2018_Finals_180.tar.gz;1368101.167;-545505.1674;;;-1166149.061;;879486.7239
1353;PowerTAC_2018_Finals_181;game_complete;4;1534;1533;cheyenne;15.05.13;http://ts.powertac.org/log/PowerTAC_2018_Finals_181.tar.gz;50819.46352;;193931.6633;;-3297494.676;;399130.7899
1354;PowerTAC_2018_Finals_182;game_complete;4;1616;1615;cheyenne;12.04.14;http://ts.powertac.org/log/PowerTAC_2018_Finals_182.tar.gz;-360087.0606;1318136.653;66308.01599;;;;548218.338
1355;PowerTAC_2018_Finals_183;game_complete;4;1458;1457;cheyenne;01.09.13;http://ts.powertac.org/log/PowerTAC_2018_Finals_183.tar.gz;-717212.5484;;;-82077.79004;-3935073.937;;831975.6214
1356;PowerTAC_2018_Finals_184;game_complete;4;1472;1471;cheyenne;20.02.14;http://ts.powertac.org/log/PowerTAC_2018_Finals_184.tar.gz;225241.8488;191748.7075;;166060.2881;;;78089.03379
1357;PowerTAC_2018_Finals_185;game_complete;4;1325;1324;cheyenne;05.07.13;http://ts.powertac.org/log/PowerTAC_2018_Finals_185.tar.gz;602311.7223;;116633.7947;397042.1029;;;1532029.757
1358;PowerTAC_2018_Finals_186;game_complete;4;1331;1330;cheyenne;03.04.13;http://ts.powertac.org/log/PowerTAC_2018_Finals_186.tar.gz;;1650459.718;61611.83838;;-937150.7768;114102.9114;
1359;PowerTAC_2018_Finals_187;game_complete;4;1334;1332;cheyenne;17.12.13;http://ts.powertac.org/log/PowerTAC_2018_Finals_187.tar.gz;;-2057217.589;;540088.7083;-1159588.022;222453.1037;
1360;PowerTAC_2018_Finals_188;game_complete;4;1445;1443;cheyenne;11.08.14;http://ts.powertac.org/log/PowerTAC_2018_Finals_188.tar.gz;;;274664.592;882463.1654;-3559422.478;3170915.926;
1361;PowerTAC_2018_Finals_189;game_complete;4;1329;1327;cheyenne;12.11.14;http://ts.powertac.org/log/PowerTAC_2018_Finals_189.tar.gz;;-3545867.303;256421.4036;168736.3719;;310676.0528;
1362;PowerTAC_2018_Finals_190;game_complete;4;1345;1343;cheyenne;29.11.13;http://ts.powertac.org/log/PowerTAC_2018_Finals_190.tar.gz;935955.137;-4876478.674;;;-267242.0255;-79577.20948;
1363;PowerTAC_2018_Finals_191;game_complete;4;1469;1467;cheyenne;31.07.13;http://ts.powertac.org/log/PowerTAC_2018_Finals_191.tar.gz;2998336.44;;534933.0546;;-5271376.069;9747.951704;
1364;PowerTAC_2018_Finals_192;game_complete;4;1495;1493;cheyenne;15.10.14;http://ts.powertac.org/log/PowerTAC_2018_Finals_192.tar.gz;214107.2968;-3543518.919;94928.8681;;;42552.61566;
1365;PowerTAC_2018_Finals_193;game_complete;4;1408;1406;cheyenne;14.01.14;http://ts.powertac.org/log/PowerTAC_2018_Finals_193.tar.gz;502887.7079;;;242289.0929;-4437200.231;3521810.46;
1366;PowerTAC_2018_Finals_194;game_complete;4;1558;1557;cheyenne;03.11.13;http://ts.powertac.org/log/PowerTAC_2018_Finals_194.tar.gz;782471.7161;-339194.0795;;715503.1983;;-107069.2619;
1367;PowerTAC_2018_Finals_195;game_complete;4;1479;1477;cheyenne;05.08.13;http://ts.powertac.org/log/PowerTAC_2018_Finals_195.tar.gz;4403951.47;;182826.5879;2880837.117;;576375.651;
1368;PowerTAC_2018_Finals_196;game_complete;4;1473;1472;cheyenne;26.06.14;http://ts.powertac.org/log/PowerTAC_2018_Finals_196.tar.gz;;1173514.744;;;-788929.7375;219850.348;1015437.847
1369;PowerTAC_2018_Finals_197;game_complete;4;1401;1400;cheyenne;10.09.13;http://ts.powertac.org/log/PowerTAC_2018_Finals_197.tar.gz;;;-97344.55166;;-3141335.24;432703.7158;102810.2928
1370;PowerTAC_2018_Finals_198;game_complete;4;1359;1358;cheyenne;11.03.14;http://ts.powertac.org/log/PowerTAC_2018_Finals_198.tar.gz;;522435.5251;53161.53178;;;134978.4546;1041648.079
1371;PowerTAC_2018_Finals_199;game_complete;4;1505;1503;cheyenne;24.03.14;http://ts.powertac.org/log/PowerTAC_2018_Finals_199.tar.gz;;;;729858.2388;-2029491.15;590537.2799;1950828.452
1372;PowerTAC_2018_Finals_200;game_complete;4;1882;1881;cheyenne;04.07.13;http://ts.powertac.org/log/PowerTAC_2018_Finals_200.tar.gz;;-177937.2021;;1013693.391;;-8636.450148;1755647.147
1373;PowerTAC_2018_Finals_201;game_complete;4;1462;1460;cheyenne;11.06.14;http://ts.powertac.org/log/PowerTAC_2018_Finals_201.tar.gz;;;150313.1621;478066.5279;;70690.23553;2922593.369
1374;PowerTAC_2018_Finals_202;game_complete;4;1372;1371;cheyenne;31.03.14;http://ts.powertac.org/log/PowerTAC_2018_Finals_202.tar.gz;75321.96273;;;;-1762190.341;108694.6016;2458860.465
1375;PowerTAC_2018_Finals_203;game_complete;4;1338;1337;cheyenne;18.11.14;http://ts.powertac.org/log/PowerTAC_2018_Finals_203.tar.gz;1007043.455;-959351.2374;;;;-37332.09297;68937.12043
1376;PowerTAC_2018_Finals_204;game_complete;4;1680;1679;cheyenne;15.05.13;http://ts.powertac.org/log/PowerTAC_2018_Finals_204.tar.gz;585844.5296;;75138.67916;;;53426.7241;5162598.441
1377;PowerTAC_2018_Finals_205;game_complete;4;1339;1337;cheyenne;26.12.14;http://ts.powertac.org/log/PowerTAC_2018_Finals_205.tar.gz;791676.1826;;;808236.3334;;-36914.47361;3663048.629
1378;PowerTAC_2018_Finals_206;game_complete;4;1544;1542;cheyenne;09.06.14;http://ts.powertac.org/log/PowerTAC_2018_Finals_206.tar.gz;;2090080.433;404302.4085;928474.7974;-1675292.531;;
1379;PowerTAC_2018_Finals_207;game_complete;4;1495;1493;cheyenne;22.09.14;http://ts.powertac.org/log/PowerTAC_2018_Finals_207.tar.gz;1054189.969;-2690977.165;92092.09628;;-1136044.949;;
1380;PowerTAC_2018_Finals_208;game_complete;4;1353;1351;cheyenne;13.07.14;http://ts.powertac.org/log/PowerTAC_2018_Finals_208.tar.gz;999972.2082;365698.9828;;413829.5195;-486557.2296;;
1381;PowerTAC_2018_Finals_209;game_complete;4;1368;1367;cheyenne;29.10.14;http://ts.powertac.org/log/PowerTAC_2018_Finals_209.tar.gz;2819964.003;;216769.5142;-544436.062;-7385030.545;;
1382;PowerTAC_2018_Finals_210;game_complete;4;1963;1961;cheyenne;20.06.13;http://ts.powertac.org/log/PowerTAC_2018_Finals_210.tar.gz;183820.472;2368676.724;331858.8172;914203.3332;;;
1383;PowerTAC_2018_Finals_211;game_complete;4;1426;1425;cheyenne;07.08.13;http://ts.powertac.org/log/PowerTAC_2018_Finals_211.tar.gz;;857638.1001;191900.8813;;-1038296.09;;884124.5744
1384;PowerTAC_2018_Finals_212;game_complete;4;1455;1454;cheyenne;23.04.14;http://ts.powertac.org/log/PowerTAC_2018_Finals_212.tar.gz;;2592346.558;;457459.213;-548228.8147;;2140083.455
1385;PowerTAC_2018_Finals_213;game_complete;4;1499;1498;cheyenne;28.04.14;http://ts.powertac.org/log/PowerTAC_2018_Finals_213.tar.gz;;;-12595.02104;77094.52143;-3551951.328;;2065335.188
1386;PowerTAC_2018_Finals_214;game_complete;4;1329;1327;cheyenne;30.08.13;http://ts.powertac.org/log/PowerTAC_2018_Finals_214.tar.gz;;-1298034.797;51009.31002;188245.2497;;;50511.79443
1387;PowerTAC_2018_Finals_215;game_complete;4;1448;1447;cheyenne;08.07.13;http://ts.powertac.org/log/PowerTAC_2018_Finals_215.tar.gz;1153853.254;972697.3631;;;-1065676.684;;-1129996.539
1388;PowerTAC_2018_Finals_216;game_complete;4;1626;1625;cheyenne;24.07.14;http://ts.powertac.org/log/PowerTAC_2018_Finals_216.tar.gz;91848.09607;;33901.07124;;-2810239.473;;1385888.072
1389;PowerTAC_2018_Finals_217;game_complete;4;1389;1388;cheyenne;05.04.14;http://ts.powertac.org/log/PowerTAC_2018_Finals_217.tar.gz;124961.1602;632293.0252;41768.49318;;;;201502.0804
1390;PowerTAC_2018_Finals_218;game_complete;4;1345;1344;cheyenne;10.02.14;http://ts.powertac.org/log/PowerTAC_2018_Finals_218.tar.gz;1252111.606;;;107763.0153;-2073197.232;;-82151.13007
1391;PowerTAC_2018_Finals_219;game_complete;4;1430;1428;cheyenne;07.05.14;http://ts.powertac.org/log/PowerTAC_2018_Finals_219.tar.gz;1004851.751;961716.7736;;429002.068;;;587430.9923
1392;PowerTAC_2018_Finals_220;game_complete;4;1494;1493;cheyenne;29.08.13;http://ts.powertac.org/log/PowerTAC_2018_Finals_220.tar.gz;589549.297;;-40560.82004;548775.0626;;;1708075.273
1393;PowerTAC_2018_Finals_221;game_complete;4;1409;1407;cheyenne;05.02.14;http://ts.powertac.org/log/PowerTAC_2018_Finals_221.tar.gz;;-1772648.377;98568.03941;;-888622.3751;221889.4675;
1394;PowerTAC_2018_Finals_222;game_complete;4;1363;1362;cheyenne;04.08.13;http://ts.powertac.org/log/PowerTAC_2018_Finals_222.tar.gz;;-181944.1161;;378099.0198;-1094696.394;215745.8124;
1395;PowerTAC_2018_Finals_223;game_complete;4;1362;1360;cheyenne;16.08.13;http://ts.powertac.org/log/PowerTAC_2018_Finals_223.tar.gz;;;372730.4073;1469281.837;-4740366.527;1597350.806;
1396;PowerTAC_2018_Finals_224;game_complete;4;1505;1504;cheyenne;16.09.13;http://ts.powertac.org/log/PowerTAC_2018_Finals_224.tar.gz;;-3063074.435;153911.2079;68550.26394;;331492.606;
1397;PowerTAC_2018_Finals_225;game_complete;4;1379;1377;cheyenne;06.09.13;http://ts.powertac.org/log/PowerTAC_2018_Finals_225.tar.gz;771406.707;-1914172.282;;;-710346.5088;-15388.27297;
1398;PowerTAC_2018_Finals_226;game_complete;4;1389;1388;cheyenne;06.03.14;http://ts.powertac.org/log/PowerTAC_2018_Finals_226.tar.gz;5215530.461;;297029.9538;;-8573430.679;-128744.3706;
1399;PowerTAC_2018_Finals_227;game_complete;4;1320;1318;cheyenne;03.09.13;http://ts.powertac.org/log/PowerTAC_2018_Finals_227.tar.gz;837212.5452;-1136265.005;24973.60701;;;-39351.00879;
1400;PowerTAC_2018_Finals_228;game_complete;4;1356;1354;cheyenne;29.11.14;http://ts.powertac.org/log/PowerTAC_2018_Finals_228.tar.gz;2829097.143;;;-285685.681;-5678835.518;395582.5768;
1401;PowerTAC_2018_Finals_229;game_complete;4;1329;1327;cheyenne;08.12.14;http://ts.powertac.org/log/PowerTAC_2018_Finals_229.tar.gz;1364135.749;-1808509.577;;418705.7237;;45843.1676;
1402;PowerTAC_2018_Finals_230;game_complete;4;1374;1372;cheyenne;14.06.13;http://ts.powertac.org/log/PowerTAC_2018_Finals_230.tar.gz;483592.5408;;299868.4624;2754735.298;;2990364.964;
1403;PowerTAC_2018_Finals_231;game_complete;4;1412;1411;cheyenne;12.08.13;http://ts.powertac.org/log/PowerTAC_2018_Finals_231.tar.gz;;-94171.28183;;;-1254223.276;182554.2203;53680.19445
1404;PowerTAC_2018_Finals_232;game_complete;4;1493;1491;cheyenne;30.11.14;http://ts.powertac.org/log/PowerTAC_2018_Finals_232.tar.gz;;;-65841.29749;;-1265323.423;91337.34195;2290351.8
1405;PowerTAC_2018_Finals_233;game_complete;4;1420;1418;cheyenne;04.07.13;http://ts.powertac.org/log/PowerTAC_2018_Finals_233.tar.gz;;1544919.121;156520.5082;;;163129.9806;846824.1109
1406;PowerTAC_2018_Finals_234;game_complete;4;1364;1363;cheyenne;21.10.13;http://ts.powertac.org/log/PowerTAC_2018_Finals_234.tar.gz;;;;-646659.398;-5700717.073;-228526.0537;773602.6107
1407;PowerTAC_2018_Finals_235;game_complete;4;1642;1641;cheyenne;08.11.14;http://ts.powertac.org/log/PowerTAC_2018_Finals_235.tar.gz;;-1114578.545;;270268.9614;;-56083.53678;516687.5717
1408;PowerTAC_2018_Finals_236;game_complete;4;1439;1437;cheyenne;01.12.13;http://ts.powertac.org/log/PowerTAC_2018_Finals_236.tar.gz;;;24678.36945;-27341.52785;;53638.64427;4346740.568
1409;PowerTAC_2018_Finals_237;game_complete;4;1358;1357;cheyenne;14.06.14;http://ts.powertac.org/log/PowerTAC_2018_Finals_237.tar.gz;-116232.9488;;;;-2777770.393;1706.775703;670682.2194
1410;PowerTAC_2018_Finals_238;game_complete;4;1479;1477;cheyenne;20.11.14;http://ts.powertac.org/log/PowerTAC_2018_Finals_238.tar.gz;962061.2014;-755803.249;;;;-9600.62438;91924.55586
1411;PowerTAC_2018_Finals_239;game_complete;4;1334;1332;cheyenne;05.12.14;http://ts.powertac.org/log/PowerTAC_2018_Finals_239.tar.gz;-15919.88967;;56747.06455;;;-50922.48677;2729886.376
1412;PowerTAC_2018_Finals_240;game_complete;4;1584;1583;cheyenne;21.06.14;http://ts.powertac.org/log/PowerTAC_2018_Finals_240.tar.gz;1378392.767;;;1055785.104;;130018.1312;3201414.031
1413;PowerTAC_2018_Finals_241;game_complete;2;1680;1678;cheyenne;22.10.13;http://ts.powertac.org/log/PowerTAC_2018_Finals_241.tar.gz;;-7107627.387;;;-1493209.486;;
1414;PowerTAC_2018_Finals_242;game_complete;2;1400;1398;cheyenne;28.04.13;http://ts.powertac.org/log/PowerTAC_2018_Finals_242.tar.gz;;;818537.2639;;-2.01E+07;;
1415;PowerTAC_2018_Finals_243;game_complete;2;1353;1351;cheyenne;31.12.13;http://ts.powertac.org/log/PowerTAC_2018_Finals_243.tar.gz;;-4351749.288;282210.8887;;;;
1416;PowerTAC_2018_Finals_244;game_complete;2;1417;1416;cheyenne;02.03.14;http://ts.powertac.org/log/PowerTAC_2018_Finals_244.tar.gz;;;;2012415.418;-3198562.263;;
1417;PowerTAC_2018_Finals_245;game_complete;2;1356;1354;cheyenne;26.04.14;http://ts.powertac.org/log/PowerTAC_2018_Finals_245.tar.gz;;2167444.519;;944779.761;;;
1418;PowerTAC_2018_Finals_246;game_complete;2;1530;1529;cheyenne;12.05.13;http://ts.powertac.org/log/PowerTAC_2018_Finals_246.tar.gz;;;318375.6422;8266225.522;;;
1419;PowerTAC_2018_Finals_247;game_complete;2;1441;1440;cheyenne;15.12.14;http://ts.powertac.org/log/PowerTAC_2018_Finals_247.tar.gz;3892108.41;;;;-816810.0153;;
1420;PowerTAC_2018_Finals_248;game_complete;2;1348;1346;cheyenne;02.04.14;http://ts.powertac.org/log/PowerTAC_2018_Finals_248.tar.gz;1219532.939;354390.1782;;;;;
1421;PowerTAC_2018_Finals_249;game_complete;2;1400;1399;cheyenne;14.06.14;http://ts.powertac.org/log/PowerTAC_2018_Finals_249.tar.gz;1.64E+07;;146740.3873;;;;
1422;PowerTAC_2018_Finals_250;game_complete;2;1398;1396;cheyenne;24.12.13;http://ts.powertac.org/log/PowerTAC_2018_Finals_250.tar.gz;3871533.201;;;868675.6858;;;
1423;PowerTAC_2018_Finals_251;game_complete;2;1387;1386;cheyenne;21.04.14;http://ts.powertac.org/log/PowerTAC_2018_Finals_251.tar.gz;;;;;-3270924.596;;2285986.637
1424;PowerTAC_2018_Finals_252;game_complete;2;1489;1488;cheyenne;16.06.13;http://ts.powertac.org/log/PowerTAC_2018_Finals_252.tar.gz;;1794026.594;;;;;-51523.05168
1425;PowerTAC_2018_Finals_253;game_complete;2;1348;1347;cheyenne;09.09.13;http://ts.powertac.org/log/PowerTAC_2018_Finals_253.tar.gz;;;-4341945.238;;;;1112501.924
1426;PowerTAC_2018_Finals_254;game_complete;2;1359;1357;cheyenne;12.09.13;http://ts.powertac.org/log/PowerTAC_2018_Finals_254.tar.gz;;;;424391.8253;;;963130.7188
1427;PowerTAC_2018_Finals_255;game_complete;2;1607;1606;cheyenne;09.09.14;http://ts.powertac.org/log/PowerTAC_2018_Finals_255.tar.gz;1747572.435;;;;;;2445574.522
1428;PowerTAC_2018_Finals_256;game_complete;2;1371;1369;cheyenne;15.07.14;http://ts.powertac.org/log/PowerTAC_2018_Finals_256.tar.gz;;;;;691117.318;1982567.203;
1429;PowerTAC_2018_Finals_257;game_complete;2;1618;1616;cheyenne;19.04.14;http://ts.powertac.org/log/PowerTAC_2018_Finals_257.tar.gz;;1602472.309;;;;-87303.96632;
1430;PowerTAC_2018_Finals_258;game_complete;2;1410;1408;cheyenne;06.07.13;http://ts.powertac.org/log/PowerTAC_2018_Finals_258.tar.gz;;;410037.254;;;1.33E+07;
1431;PowerTAC_2018_Finals_259;game_complete;2;1574;1572;cheyenne;05.05.13;http://ts.powertac.org/log/PowerTAC_2018_Finals_259.tar.gz;;;;8233536.155;;94975.66413;
1432;PowerTAC_2018_Finals_260;game_complete;2;1353;1352;cheyenne;02.08.13;http://ts.powertac.org/log/PowerTAC_2018_Finals_260.tar.gz;5784823.376;;;;;3645174.378;
1433;PowerTAC_2018_Finals_261;game_complete;2;1335;1334;cheyenne;03.06.14;http://ts.powertac.org/log/PowerTAC_2018_Finals_261.tar.gz;;;;;;-20151.97447;4723285.524
1434;PowerTAC_2018_Finals_262;game_complete;2;1610;1609;cheyenne;09.08.14;http://ts.powertac.org/log/PowerTAC_2018_Finals_262.tar.gz;;1633698.622;;;-1050408.726;;
1435;PowerTAC_2018_Finals_263;game_complete;2;1377;1376;cheyenne;26.11.13;http://ts.powertac.org/log/PowerTAC_2018_Finals_263.tar.gz;;;368133.8736;;-8459377.646;;
1436;PowerTAC_2018_Finals_264;game_complete;2;1627;1625;cheyenne;24.07.14;http://ts.powertac.org/log/PowerTAC_2018_Finals_264.tar.gz;;-2148949.409;158751.1978;;;;
1437;PowerTAC_2018_Finals_265;game_complete;2;1326;1325;cheyenne;20.11.13;http://ts.powertac.org/log/PowerTAC_2018_Finals_265.tar.gz;;;;-845961.8806;-7501593.883;;
1438;PowerTAC_2018_Finals_266;game_complete;2;1440;1438;cheyenne;05.11.14;http://ts.powertac.org/log/PowerTAC_2018_Finals_266.tar.gz;;-1508134.141;;438653.288;;;
1439;PowerTAC_2018_Finals_267;game_complete;2;1404;1403;cheyenne;26.04.13;http://ts.powertac.org/log/PowerTAC_2018_Finals_267.tar.gz;;;222345.1023;8476867.389;;;
1440;PowerTAC_2018_Finals_268;game_complete;2;1513;1511;cheyenne;15.09.13;http://ts.powertac.org/log/PowerTAC_2018_Finals_268.tar.gz;928046.0561;;;;-2202403.592;;
1441;PowerTAC_2018_Finals_269;game_complete;2;1397;1395;cheyenne;26.05.14;http://ts.powertac.org/log/PowerTAC_2018_Finals_269.tar.gz;-102541.6642;866811.6037;;;;;
1442;PowerTAC_2018_Finals_270;game_complete;2;1448;1446;cheyenne;31.10.13;http://ts.powertac.org/log/PowerTAC_2018_Finals_270.tar.gz;1.83E+07;;-32329.35698;;;;
1443;PowerTAC_2018_Finals_271;game_complete;2;1323;1321;cheyenne;22.11.13;http://ts.powertac.org/log/PowerTAC_2018_Finals_271.tar.gz;5066761.683;;;3007014.819;;;
1444;PowerTAC_2018_Finals_272;game_complete;2;1451;1450;cheyenne;22.08.14;http://ts.powertac.org/log/PowerTAC_2018_Finals_272.tar.gz;;;;;-2815334.979;;387484.7475
1445;PowerTAC_2018_Finals_273;game_complete;2;1330;1328;cheyenne;27.08.13;http://ts.powertac.org/log/PowerTAC_2018_Finals_273.tar.gz;;577758.6064;;;;;1170389.758
1446;PowerTAC_2018_Finals_274;game_complete;2;1327;1326;cheyenne;03.12.13;http://ts.powertac.org/log/PowerTAC_2018_Finals_274.tar.gz;;;12656.65851;;;;3598865.975
1447;PowerTAC_2018_Finals_275;game_complete;2;1340;1338;cheyenne;21.10.14;http://ts.powertac.org/log/PowerTAC_2018_Finals_275.tar.gz;;;;564032.9238;;;3220360.098
1448;PowerTAC_2018_Finals_276;game_complete;2;1529;1528;cheyenne;22.06.14;http://ts.powertac.org/log/PowerTAC_2018_Finals_276.tar.gz;2293619.818;;;;;;1479248.797
1449;PowerTAC_2018_Finals_277;game_complete;2;1405;1403;cheyenne;26.05.14;http://ts.powertac.org/log/PowerTAC_2018_Finals_277.tar.gz;;;;;1429968.38;1426801.562;
1450;PowerTAC_2018_Finals_278;game_complete;2;1414;1413;cheyenne;01.11.13;http://ts.powertac.org/log/PowerTAC_2018_Finals_278.tar.gz;;-3833823.512;;;;207622.3089;
1451;PowerTAC_2018_Finals_279;game_complete;2;1332;1330;cheyenne;30.09.14;http://ts.powertac.org/log/PowerTAC_2018_Finals_279.tar.gz;;;109578.1344;;;6280896.373;
1452;PowerTAC_2018_Finals_280;game_complete;2;1421;1419;cheyenne;16.10.13;http://ts.powertac.org/log/PowerTAC_2018_Finals_280.tar.gz;;;;2008236.934;;-2387.871536;
1453;PowerTAC_2018_Finals_281;game_complete;2;1658;1656;cheyenne;21.11.13;http://ts.powertac.org/log/PowerTAC_2018_Finals_281.tar.gz;9380509.685;;;;;2696644.383;
1454;PowerTAC_2018_Finals_282;game_complete;2;1386;1384;cheyenne;01.09.14;http://ts.powertac.org/log/PowerTAC_2018_Finals_282.tar.gz;;;;;;3189.885788;1010104.794
1455;PowerTAC_2018_Finals_283;game_complete;2;1753;1752;cheyenne;21.03.14;http://ts.powertac.org/log/PowerTAC_2018_Finals_283.tar.gz;;-1024863.95;;;-3725933.093;;
1456;PowerTAC_2018_Finals_284;game_complete;2;1326;1324;cheyenne;28.07.14;http://ts.powertac.org/log/PowerTAC_2018_Finals_284.tar.gz;;;500616.3686;;-4839203.389;;
1457;PowerTAC_2018_Finals_285;game_complete;2;1466;1464;cheyenne;04.11.14;http://ts.powertac.org/log/PowerTAC_2018_Finals_285.tar.gz;;-4270342.091;165788.9667;;;;
1458;PowerTAC_2018_Finals_286;game_complete;2;1347;1345;cheyenne;14.10.14;http://ts.powertac.org/log/PowerTAC_2018_Finals_286.tar.gz;;;;552641.2306;-8490461.931;;
1459;PowerTAC_2018_Finals_287;game_complete;2;1390;1388;cheyenne;08.12.14;http://ts.powertac.org/log/PowerTAC_2018_Finals_287.tar.gz;;-1820688.873;;162444.0018;;;
1460;PowerTAC_2018_Finals_288;game_complete;2;1322;1320;cheyenne;01.03.14;http://ts.powertac.org/log/PowerTAC_2018_Finals_288.tar.gz;;;97551.04878;7681334.987;;;
1461;PowerTAC_2018_Finals_289;game_complete;2;1457;1455;cheyenne;03.10.13;http://ts.powertac.org/log/PowerTAC_2018_Finals_289.tar.gz;2948933.555;;;;-3137156.149;;
1462;PowerTAC_2018_Finals_290;game_complete;2;1490;1488;cheyenne;15.04.14;http://ts.powertac.org/log/PowerTAC_2018_Finals_290.tar.gz;2206305.068;1264259.292;;;;;
1463;PowerTAC_2018_Finals_291;game_complete;2;1389;1387;cheyenne;15.07.14;http://ts.powertac.org/log/PowerTAC_2018_Finals_291.tar.gz;1.75E+07;;104504.2836;;;;
1464;PowerTAC_2018_Finals_292;game_complete;2;1432;1430;cheyenne;20.07.14;http://ts.powertac.org/log/PowerTAC_2018_Finals_292.tar.gz;3974922.721;;;2258682.441;;;
1465;PowerTAC_2018_Finals_293;game_complete;2;1827;1826;cheyenne;18.10.13;http://ts.powertac.org/log/PowerTAC_2018_Finals_293.tar.gz;;;;;-4481740.084;;1597292.242
1466;PowerTAC_2018_Finals_294;game_complete;2;1470;1469;cheyenne;18.05.13;http://ts.powertac.org/log/PowerTAC_2018_Finals_294.tar.gz;;2194977.288;;;;;280460.9484
1467;PowerTAC_2018_Finals_295;game_complete;2;1376;1375;cheyenne;28.02.14;http://ts.powertac.org/log/PowerTAC_2018_Finals_295.tar.gz;;;-33028.59776;;;;2675387.263
1468;PowerTAC_2018_Finals_296;game_complete;2;1402;1401;cheyenne;15.12.13;http://ts.powertac.org/log/PowerTAC_2018_Finals_296.tar.gz;;;;258038.8414;;;873376.6326
1469;PowerTAC_2018_Finals_297;game_complete;2;1466;1465;cheyenne;01.10.13;http://ts.powertac.org/log/PowerTAC_2018_Finals_297.tar.gz;305587.9755;;;;;;-82313.95304
1470;PowerTAC_2018_Finals_298;game_complete;2;1492;1490;cheyenne;01.01.14;http://ts.powertac.org/log/PowerTAC_2018_Finals_298.tar.gz;;;;;-1.37E+07;23429.62515;
1471;PowerTAC_2018_Finals_299;game_complete;2;1584;1583;cheyenne;18.06.13;http://ts.powertac.org/log/PowerTAC_2018_Finals_299.tar.gz;;2856677.658;;;;-17245.29742;
1472;PowerTAC_2018_Finals_300;game_complete;2;1387;1385;cheyenne;14.10.14;http://ts.powertac.org/log/PowerTAC_2018_Finals_300.tar.gz;;;146898.7087;;;8252419.986;
1473;PowerTAC_2018_Finals_301;game_complete;2;1659;1658;cheyenne;17.02.14;http://ts.powertac.org/log/PowerTAC_2018_Finals_301.tar.gz;;;;6967130.422;;53501.43181;
1474;PowerTAC_2018_Finals_302;game_complete;2;1350;1348;cheyenne;12.06.13;http://ts.powertac.org/log/PowerTAC_2018_Finals_302.tar.gz;6271534.702;;;;;2536265.063;
1475;PowerTAC_2018_Finals_303;game_complete;2;1420;1418;cheyenne;16.04.13;http://ts.powertac.org/log/PowerTAC_2018_Finals_303.tar.gz;;;;;;75979.09602;6578833.754
1476;PowerTAC_2018_Finals_304;game_complete;2;1341;1339;cheyenne;07.03.14;http://ts.powertac.org/log/PowerTAC_2018_Finals_304.tar.gz;;7325.667958;;;-713578.8761;;
1477;PowerTAC_2018_Finals_305;game_complete;2;1357;1355;cheyenne;08.10.13;http://ts.powertac.org/log/PowerTAC_2018_Finals_305.tar.gz;;;383319.8685;;-7740081.25;;
1478;PowerTAC_2018_Finals_306;game_complete;2;1331;1329;cheyenne;30.01.14;http://ts.powertac.org/log/PowerTAC_2018_Finals_306.tar.gz;;-1665842.991;182197.6228;;;;
1479;PowerTAC_2018_Finals_307;game_complete;2;1356;1354;cheyenne;20.08.13;http://ts.powertac.org/log/PowerTAC_2018_Finals_307.tar.gz;;;;-144047.4529;-6348969.303;;
1480;PowerTAC_2018_Finals_308;game_complete;2;1364;1362;cheyenne;01.10.13;http://ts.powertac.org/log/PowerTAC_2018_Finals_308.tar.gz;;-1166024.473;;300914.411;;;
1481;PowerTAC_2018_Finals_309;game_complete;2;1341;1339;cheyenne;08.06.14;http://ts.powertac.org/log/PowerTAC_2018_Finals_309.tar.gz;;;256041.1987;6087566.959;;;
1482;PowerTAC_2018_Finals_310;game_complete;2;1428;1426;cheyenne;25.05.14;http://ts.powertac.org/log/PowerTAC_2018_Finals_310.tar.gz;2392125.85;;;;522733.8968;;
1483;PowerTAC_2018_Finals_311;game_complete;2;1337;1335;cheyenne;21.01.14;http://ts.powertac.org/log/PowerTAC_2018_Finals_311.tar.gz;1045546.743;394559.4117;;;;;
1484;PowerTAC_2018_Finals_312;game_complete;2;1323;1321;cheyenne;21.11.13;http://ts.powertac.org/log/PowerTAC_2018_Finals_312.tar.gz;2.00E+07;;-7064.132896;;;;
1485;PowerTAC_2018_Finals_313;game_complete;2;1346;1344;cheyenne;06.08.14;http://ts.powertac.org/log/PowerTAC_2018_Finals_313.tar.gz;2685053.451;;;1280094.486;;;
1486;PowerTAC_2018_Finals_314;game_complete;2;1464;1463;cheyenne;03.05.13;http://ts.powertac.org/log/PowerTAC_2018_Finals_314.tar.gz;;;;;-2961550.317;;2371231.615
1487;PowerTAC_2018_Finals_315;game_complete;2;1400;1399;cheyenne;01.10.13;http://ts.powertac.org/log/PowerTAC_2018_Finals_315.tar.gz;;-3459899.307;;;;;264321.9788
1488;PowerTAC_2018_Finals_316;game_complete;2;1490;1489;cheyenne;01.06.14;http://ts.powertac.org/log/PowerTAC_2018_Finals_316.tar.gz;;;148976.1214;;;;2770457.173
1489;PowerTAC_2018_Finals_317;game_complete;2;1372;1371;cheyenne;27.04.14;http://ts.powertac.org/log/PowerTAC_2018_Finals_317.tar.gz;;;;1001921.662;;;3231285.649
1490;PowerTAC_2018_Finals_318;game_complete;2;1596;1595;cheyenne;20.12.14;http://ts.powertac.org/log/PowerTAC_2018_Finals_318.tar.gz;891870.2586;;;;;;159419.9894
1491;PowerTAC_2018_Finals_319;game_complete;2;1350;1348;cheyenne;03.02.14;http://ts.powertac.org/log/PowerTAC_2018_Finals_319.tar.gz;;;;;-5398728.677;2771820.581;
1492;PowerTAC_2018_Finals_320;game_complete;2;1568;1567;cheyenne;26.12.13;http://ts.powertac.org/log/PowerTAC_2018_Finals_320.tar.gz;;-2953033.279;;;;-777.3053979;
1493;PowerTAC_2018_Finals_321;game_complete;2;1384;1382;cheyenne;27.12.14;http://ts.powertac.org/log/PowerTAC_2018_Finals_321.tar.gz;;;102436.6528;;;3784555.135;
1494;PowerTAC_2018_Finals_322;game_complete;2;1587;1585;cheyenne;22.11.13;http://ts.powertac.org/log/PowerTAC_2018_Finals_322.tar.gz;;;;2076246.791;;181527.8233;
1495;PowerTAC_2018_Finals_323;game_complete;2;1343;1341;cheyenne;25.09.14;http://ts.powertac.org/log/PowerTAC_2018_Finals_323.tar.gz;5849908.032;;;;;2055916.952;
1496;PowerTAC_2018_Finals_324;game_complete;2;1436;1434;cheyenne;15.06.13;http://ts.powertac.org/log/PowerTAC_2018_Finals_324.tar.gz;;;;;;-102178.2411;4476470.881